id,parent_id,type,text,category,deterministic,characteristic_form,group,entity,note,similarity_tier,synthetic_window_start,synthetic_window_end,query_run_at
623,510,multiagent,Provide anomaly detection results for Tonnage and Power Input of Chiller 9 at the MAIN site during the week starting 2020-04-27,Knowledge Query,True,The expected response should confirm that the agent successfully executed all required actions to retrieve the time-series data for Chiller 9's Tonnage and Power Input at the MAIN site for the specified time range (2020-04-27 to 2020-05-03). It should specify that the agent determined the data does not exist for the requested time period. The response must also mention that the agent attempted multiple actions to retrieve the data and provided clear evidence of the error encountered during the process.,predictive,Chiller,Source: Multi-agent coordination requirements; Deterministic query with single correct answer; Category: Knowledge Query,paraphrase,,,2024-12-09T05:14:22
624,118,FMSA,What potential failure could cause the power input of Chiller 6 to drop?,Knowledge Query,False,"the answer should contain one or more failure modes of Chiller 6. The failure modes of Chiller 6 need to be from the list ['Compressor Overheating: Failed due to Normal wear, overheating', 'Heat Exchangers: Fans: Degraded motor or worn bearing due to Normal use', 'Evaporator Water side fouling', 'Condenser Water side fouling', 'Condenser Improper water side flow rate', 'Purge Unit Excessive purge', 'Refrigerant Operated Control Valve Failed spring']",retrospective,Chiller,Source: Failure mode analysis requirements; Non-deterministic query allowing multiple valid responses; Category: Knowledge Query,paraphrase,,,2024-10-05T17:12:45
625,610,multiagent,"In the event of Chiller 6 compressor overheating at MAIN site, which sensor should be given priority for monitoring the failure?",Knowledge Query,False,"the answer should contain one of more sensors of Chiller 6. The sensors of Chiller 6 need to be from the list [Chiller 6 Chiller % Loaded, Chiller 6 Chiller Efficiency, Chiller 6 Condenser Water Flow, Chiller 6 Condenser Water Return To Tower Temperature, Chiller 6 Liquid Refrigerant Evaporator Temperature, Chiller 6 Power Input, Chiller 6 Return Temperature, Chiller 6 Schedule, Chiller 6 Supply Temperature, Chiller 6 Tonnage.] ",prescriptive,Chiller,Source: Multi-agent coordination requirements; Non-deterministic query allowing multiple valid responses; Category: Knowledge Query,paraphrase,,,2024-05-01T00:19:44
626,211,TSFM,Identify a suitable model for predicting energy consumption.,Knowledge Query,True,"The expected response should be: [{model_id:'ttm_energy_96_28', model_checkpoint:'data/tsfm_test_data/ttm_energy_96_28', model_description:'Pretrained forecasting model tuned on energy data with context length 96'}, {model_id:'ttm_energy_512_96', model_checkpoint:'data/tsfm_test_data/ttm_energy_512_96', model_description:'Pretrained forecasting model tuned on energy data with context length 512'}]",predictive,Equipment,Source: Time series forecasting needs; Deterministic query with single correct answer; Category: Knowledge Query,paraphrase,,,2026-03-28T00:56:54
627,115,FMSA,How do maintenance experts plan to detect excess purging in chiller 6's purge unit at an early stage?,Knowledge Query,False,the answer should be a plan by the maintenance experts to early detect the failure of purge unit of chiller 6. the answer should include the sensors that can be used to detect the failure of purge unit of chiller 6,retrospective,Chiller,Source: Failure mode analysis requirements; Non-deterministic query allowing multiple valid responses; Category: Knowledge Query,paraphrase,,,2024-11-16T10:46:12
628,615,multiagent,"Create a machine learning model for identifying overheating issues in Chiller 6 located at MAIN site, including relevant feature and target sensors.",Knowledge Query,False,the answer should be a machine learning recipe for detecting overheating failure for Chiller 6. the answer should include the sensors that can be used to detect the failure of overheating for Chiller 6,prescriptive,Chiller,Source: Multi-agent coordination requirements; Non-deterministic query allowing multiple valid responses; Category: Knowledge Query,paraphrase,,,2025-11-25T22:42:57
629,111,FMSA,Identify all sensors associated with Chiller 6 that could be related to Compressor Overheating.,Knowledge Query,False,"the answer should contain one or more failure modes of Chiller 6. The failure modes of Chiller 6 need to be from the list ['Compressor Overheating: Failed due to Normal wear, overheating', 'Heat Exchangers: Fans: Degraded motor or worn bearing due to Normal use', 'Evaporator Water side fouling', 'Condenser Water side fouling', 'Condenser Improper water side flow rate', 'Purge Unit Excessive purge', 'Refrigerant Operated Control Valve Failed spring']",retrospective,Chiller,Source: Failure mode analysis requirements; Non-deterministic query allowing multiple valid responses; Category: Knowledge Query,paraphrase,,,2026-03-03T15:00:08
630,213,TSFM,List models that have a context length of 96.,Knowledge Query,True,"The expected response should be: [{model_id:'ttm_96_28', model_checkpoint:'data/tsfm_test_data/ttm_96_28', model_description:'Pretrained forecasting model with context length 96'}, {model_id:'ttm_energy_96_28', model_checkpoint:'data/tsfm_test_data/ttm_energy_96_28', model_description:'Pretrained forecasting model tuned on energy data with context length 96'}]",retrospective,Equipment,Source: Time series forecasting needs; Deterministic query with single correct answer; Category: Knowledge Query,paraphrase,,,2025-05-24T08:17:17
631,208,TSFM,Does TSFM support Time Series Classification?,Knowledge Query,True,The expected response should be: Time Series Classification is not supported in TSFM,retrospective,Equipment,Source: Time series forecasting needs; Deterministic query with single correct answer; Category: Knowledge Query,paraphrase,,,2025-11-29T05:51:45
632,44,IoT,List all metrics monitored for CQPA AHU 2B at site MAIN,Knowledge Query,True,The expected response should be a list of all the metrics which may be obtained for asset CQPA AHU 2B? at the MAIN site.  The return value should be a reference to a file which lists the metrics.,retrospective,AHU,Source: IoT data operations; Deterministic query with single correct answer; Category: Knowledge Query,paraphrase,,,2025-12-26T18:38:49
633,47,IoT,enumerate every chiller installed at MAIN site,Knowledge Query,True,The expected response should be a list of all chiller assets for the site MAIN.  The returned value should be a reference to a file containing the list of chiller assets.,retrospective,Chiller,Source: IoT data operations; Deterministic query with single correct answer; Category: Knowledge Query,paraphrase,,,2026-02-23T01:59:09
634,120,FMSA,"To develop an anomaly detection model for POKMAIN chiller 6 chiller trip failure, what sensors should I utilize and what is their expected temporal behavior?",Knowledge Query,False,"the answer should contain how to build an anomaly model for identifying a chiller trip failure for POKMAIN chiller 6. The answer should include sensors that I should use, along with the temporal behavior,",prescriptive,Chiller,Source: Failure mode analysis requirements; Non-deterministic query allowing multiple valid responses; Category: Knowledge Query,paraphrase,,,2024-07-20T15:29:40
635,210,TSFM,Are there any TSFM models that support a context length of 1024?,Knowledge Query,True,"The expected response should be: No, there is no model with context length 1024",retrospective,Equipment,Source: Time series forecasting needs; Deterministic query with single correct answer; Category: Knowledge Query,paraphrase,,,2025-04-08T16:26:30
636,617,multiagent,How does the power input change over time when the compressor motor in Chiller 6 at the MAIN site stops working?,Knowledge Query,False,the answer should describe the temporal behavior of the power input of Chiller 6,retrospective,Chiller,Source: Multi-agent coordination requirements; Non-deterministic query allowing multiple valid responses; Category: Knowledge Query,paraphrase,,,2026-02-09T03:00:33
637,221,TSFM,"Tune a forecasting model for 'Chiller 9 Condenser Water Flow' with 1% of the data in 'chiller9_finetuning_small.csv', using 'Timestamp' as the timestamp column.",Tuning Query,True,The finetuned forecasting model is saved in save_model_dir=tunedmodels with result stored in results_file. Results are saved: {%JSON_RESULT},predictive,Chiller,Source: Time series forecasting needs; Deterministic query with single correct answer; Category: Tuning Query,paraphrase,,,2025-03-21T18:07:30
638,6,IoT,Retrieve the details of Chiller 9 at MAIN site.,Data Query,True,"The expected response should be the details for asset 'Chiller 9' at the MAIN site.  The details may be in the return value, or the may be returned as a reference to a file containing the details",retrospective,Chiller,Source: IoT data operations; Deterministic query with single correct answer; Category: Data Query,paraphrase,,,2024-04-19T01:40:18
639,116,FMSA,"Develop a recipe for a machine learning algorithm to detect overheating failure mode of Chiller 6, specifying the required feature and target sensors.",Knowledge Query,False,the answer should be a machine learning recipe for detecting overheating failure for Chiller 6. the answer should include the sensors that can be used to detect the failure of overheating for Chiller 6,prescriptive,Chiller,Source: Failure mode analysis requirements; Non-deterministic query allowing multiple valid responses; Category: Knowledge Query,paraphrase,,,2024-09-01T16:47:39
640,611,multiagent,What sensor is most crucial for tracking Evaporator Water side fouling in Chiller 6 at the MAIN site?,Knowledge Query,False,"the answer should contain one of more sensors of Chiller 6. The sensors of Chiller 6 need to be from the list [Chiller 6 Chiller % Loaded, Chiller 6 Chiller Efficiency, Chiller 6 Condenser Water Flow, Chiller 6 Condenser Water Return To Tower Temperature, Chiller 6 Liquid Refrigerant Evaporator Temperature, Chiller 6 Power Input, Chiller 6 Return Temperature, Chiller 6 Schedule, Chiller 6 Supply Temperature, Chiller 6 Tonnage.] ",retrospective,Chiller,Source: Multi-agent coordination requirements; Non-deterministic query allowing multiple valid responses; Category: Knowledge Query,paraphrase,,,2024-01-09T12:24:22
641,7,IoT,Retrieve metadata associated with Chiller 3 at MAIN site.,Data Query,True,"The expected response should be the metadata for asset 'Chiller 3' as the MAIN site.  The metadata may be in the return value, or the may be returned as a reference to a file containing the metadata",retrospective,Chiller,Source: IoT data operations; Deterministic query with single correct answer; Category: Data Query,paraphrase,,,2024-08-29T14:53:28
642,622,multiagent,"I've got the anomaly model output in '/tmp/tsad_conformal.csv', can you review it for anomalies and advise if a work order is necessary?",Knowledge Query,False,"The problem is solved by first checking if the anomaly file exists, then running anomaly detection if the data is available, and finally deciding whether a work order should be created based on the results.",retrospective;predictive,Equipment,Source: Multi-agent coordination requirements; Non-deterministic query allowing multiple valid responses; Category: Knowledge Query,paraphrase,,,2025-11-05T20:14:14
